Dataset,Model,Test Accuracy,Test Loss,Classes,Training Samples,Testing Samples
ArrowHead,CNN_BiGRU,0.6342857142857142,0.8463105222157069,3,36,175
ArrowHead,LSTM,0.2742857142857143,1.1166208117348808,3,36,175
ArrowHead,GRU,0.38857142857142857,1.1522509813308717,3,36,175
ArrowHead,ARIMA,0.38857142857142857,,3,36,175
ArrowHead,RandomForest,0.6514285714285715,,3,36,175
AtrialFibrillation,CNN_BiGRU,0.2,5.3143720626831055,3,15,15
AtrialFibrillation,LSTM,0.4,1.2799197435379028,3,15,15
AtrialFibrillation,GRU,0.26666666666666666,1.7328122854232788,3,15,15
AtrialFibrillation,ARIMA,0.2,,3,15,15
AtrialFibrillation,RandomForest,0.13333333333333333,,3,15,15
BasicMotions,CNN_BiGRU,0.975,0.09150564968585968,4,40,40
BasicMotions,LSTM,0.875,0.33837991058826444,4,40,40
BasicMotions,GRU,0.975,0.07301096860319375,4,40,40
BasicMotions,ARIMA,0.725,,4,40,40
BasicMotions,RandomForest,0.925,,4,40,40
Beef,CNN_BiGRU,0.4666666666666667,1.669593095779419,5,30,30
Beef,LSTM,0.3333333333333333,1.347223162651062,5,30,30
Beef,GRU,0.3333333333333333,1.357735514640808,5,30,30
Beef,ARIMA,0.23333333333333334,,5,30,30
Beef,RandomForest,0.4666666666666667,,5,30,30
BeetleFly,CNN_BiGRU,0.8,1.3180453777313232,2,20,20
BeetleFly,LSTM,0.6,0.8156725168228149,2,20,20
BeetleFly,GRU,0.75,0.5070691108703613,2,20,20
BeetleFly,ARIMA,0.75,,2,20,20
BeetleFly,RandomForest,0.85,,2,20,20
BirdChicken,CNN_BiGRU,0.9,0.8281103372573853,2,20,20
BirdChicken,LSTM,0.45,0.8820285797119141,2,20,20
BirdChicken,GRU,0.45,1.0074074268341064,2,20,20
BirdChicken,ARIMA,0.45,,2,20,20
BirdChicken,RandomForest,0.85,,2,20,20
BME,CNN_BiGRU,1.0,0.0011508223810233176,3,30,150
BME,LSTM,0.68,0.4952506490579496,3,30,150
BME,GRU,0.7866666666666666,0.4227780043100938,3,30,150
BME,ARIMA,0.4866666666666667,,3,30,150
BME,RandomForest,0.5533333333333333,,3,30,150
Coffee,CNN_BiGRU,1.0,3.176863174303435e-05,2,28,28
Coffee,LSTM,0.5357142857142857,0.6916815638542175,2,28,28
Coffee,GRU,0.5357142857142857,0.6920662522315979,2,28,28
Coffee,ARIMA,0.5,,2,28,28
Coffee,RandomForest,0.6785714285714286,,2,28,28
DodgerLoopDay,CNN_BiGRU,0.5125,2.4069423913955688,7,78,80
DodgerLoopDay,LSTM,0.5,1.4405976295471192,7,78,80
DodgerLoopDay,GRU,0.3875,1.7533444166183472,7,78,80
DodgerLoopDay,ARIMA,0.2375,,7,78,80
DodgerLoopDay,RandomForest,0.3625,,7,78,80
DodgerLoopGame,CNN_BiGRU,0.8695652173913043,1.0377557615925004,2,20,138
DodgerLoopGame,LSTM,0.7898550724637681,0.6688124943470609,2,20,138
DodgerLoopGame,GRU,0.8260869565217391,0.56101069415825,2,20,138
DodgerLoopGame,ARIMA,0.5,,2,20,138
DodgerLoopGame,RandomForest,0.7391304347826086,,2,20,138
