Dataset,Model,Test Accuracy,Test Loss,Classes,Training Samples,Testing Samples
ArrowHead,CNN_BiGRU,0.45714285714285713,1.3153886563437325,3,36,175
ArrowHead,LSTM,0.37714285714285717,1.227305636405945,3,36,175
ArrowHead,GRU,0.3485714285714286,1.1087317793709892,3,36,175
ArrowHead,ARIMA,0.38857142857142857,,3,36,175
ArrowHead,RandomForest,0.6514285714285715,,3,36,175
AtrialFibrillation,CNN_BiGRU,0.13333333333333333,6.903596878051758,3,15,15
AtrialFibrillation,LSTM,0.4,1.2037657499313354,3,15,15
AtrialFibrillation,GRU,0.26666666666666666,1.121572732925415,3,15,15
AtrialFibrillation,ARIMA,0.2,,3,15,15
AtrialFibrillation,RandomForest,0.13333333333333333,,3,15,15
BasicMotions,CNN_BiGRU,1.0,0.0009764200542122126,4,40,40
BasicMotions,LSTM,0.75,0.4747925281524658,4,40,40
BasicMotions,GRU,0.95,0.21290223598480223,4,40,40
BasicMotions,ARIMA,0.725,,4,40,40
BasicMotions,RandomForest,0.925,,4,40,40
Beef,CNN_BiGRU,0.5,1.690646767616272,5,30,30
Beef,LSTM,0.4,1.366766095161438,5,30,30
Beef,GRU,0.3,1.4059255123138428,5,30,30
Beef,ARIMA,0.23333333333333334,,5,30,30
Beef,RandomForest,0.4666666666666667,,5,30,30
BeetleFly,CNN_BiGRU,0.75,1.4651950597763062,2,20,20
BeetleFly,LSTM,0.55,0.8423169851303101,2,20,20
BeetleFly,GRU,0.75,0.5485800504684448,2,20,20
BeetleFly,ARIMA,0.75,,2,20,20
BeetleFly,RandomForest,0.85,,2,20,20
BirdChicken,CNN_BiGRU,0.7,2.3606367111206055,2,20,20
BirdChicken,LSTM,0.45,0.9666978120803833,2,20,20
BirdChicken,GRU,0.55,0.7450143098831177,2,20,20
BirdChicken,ARIMA,0.45,,2,20,20
BirdChicken,RandomForest,0.85,,2,20,20
BME,CNN_BiGRU,0.9933333333333333,0.006886575147315549,3,30,150
BME,LSTM,0.6666666666666666,0.5077785291274388,3,30,150
BME,GRU,0.7866666666666666,0.43101205957432587,3,30,150
BME,ARIMA,0.4866666666666667,,3,30,150
BME,RandomForest,0.5533333333333333,,3,30,150
Coffee,CNN_BiGRU,1.0,0.00014907089644111693,2,28,28
Coffee,LSTM,0.4642857142857143,0.7242660522460938,2,28,28
Coffee,GRU,0.5357142857142857,0.6869259476661682,2,28,28
Coffee,ARIMA,0.5,,2,28,28
Coffee,RandomForest,0.6785714285714286,,2,28,28
DodgerLoopDay,CNN_BiGRU,0.4125,2.8691874504089356,7,78,80
DodgerLoopDay,LSTM,0.4625,1.5925257682800293,7,78,80
DodgerLoopDay,GRU,0.3375,1.9402218580245971,7,78,80
DodgerLoopDay,ARIMA,0.2375,,7,78,80
DodgerLoopDay,RandomForest,0.3625,,7,78,80
DodgerLoopGame,CNN_BiGRU,0.855072463768116,1.0340929443817637,2,20,138
DodgerLoopGame,LSTM,0.8188405797101449,0.6242723534072655,2,20,138
DodgerLoopGame,GRU,0.8188405797101449,0.6373328143271847,2,20,138
DodgerLoopGame,ARIMA,0.5,,2,20,138
DodgerLoopGame,RandomForest,0.7391304347826086,,2,20,138
