{
    "Naive": [
        {
            "Top1_Acc_Epoch/train_phase/train_stream_stream": 0.95,
            "Loss_Epoch/train_phase/train_stream_stream": 0.2140614092350006,
            "Time_Epoch/train_phase/train_stream_stream": 0.30219360000046436,
            "Top1_Acc_Exp/eval_phase/test_stream_stream/Exp000": 0.3028571428571429,
            "Loss_Exp/eval_phase/test_stream_stream/Exp000": 1.122558627128601,
            "CPUUsage_Exp/eval_phase/test_stream_stream/Exp000": 92.36551724124831,
            "Time_Exp/eval_phase/test_stream_stream/Exp000": 0.199305899994215,
            "MaxRAMUsage_Experience/eval_phase/test_stream_stream/Exp000": 0,
            "Top1_Acc_Exp/eval_phase/test_stream_stream/Exp001": 0.3333333333333333,
            "Loss_Exp/eval_phase/test_stream_stream/Exp001": 1.3468437194824219,
            "CPUUsage_Exp/eval_phase/test_stream_stream/Exp001": 97.7,
            "Time_Exp/eval_phase/test_stream_stream/Exp001": 0.02141719999781344,
            "MaxRAMUsage_Experience/eval_phase/test_stream_stream/Exp001": 0,
            "Top1_Acc_Exp/eval_phase/test_stream_stream/Exp002": 0.25,
            "Loss_Exp/eval_phase/test_stream_stream/Exp002": 1.8709445476531983,
            "CPUUsage_Exp/eval_phase/test_stream_stream/Exp002": 100.80645160860884,
            "Time_Exp/eval_phase/test_stream_stream/Exp002": 0.05926259999978356,
            "MaxRAMUsage_Experience/eval_phase/test_stream_stream/Exp002": 0,
            "Top1_Acc_Exp/eval_phase/test_stream_stream/Exp003": 0.2,
            "Loss_Exp/eval_phase/test_stream_stream/Exp003": 1.646102786064148,
            "CPUUsage_Exp/eval_phase/test_stream_stream/Exp003": 66.5,
            "Time_Exp/eval_phase/test_stream_stream/Exp003": 0.044536400004290044,
            "MaxRAMUsage_Experience/eval_phase/test_stream_stream/Exp003": 0,
            "Top1_Acc_Exp/eval_phase/test_stream_stream/Exp004": 0.5,
            "Loss_Exp/eval_phase/test_stream_stream/Exp004": 0.7120261192321777,
            "CPUUsage_Exp/eval_phase/test_stream_stream/Exp004": 66.5,
            "Time_Exp/eval_phase/test_stream_stream/Exp004": 0.03541350000887178,
            "MaxRAMUsage_Experience/eval_phase/test_stream_stream/Exp004": 0,
            "Top1_Acc_Exp/eval_phase/test_stream_stream/Exp005": 0.5,
            "Loss_Exp/eval_phase/test_stream_stream/Exp005": 0.8455281257629395,
            "CPUUsage_Exp/eval_phase/test_stream_stream/Exp005": 151.2,
            "Time_Exp/eval_phase/test_stream_stream/Exp005": 0.03704039999865927,
            "MaxRAMUsage_Experience/eval_phase/test_stream_stream/Exp005": 0,
            "Top1_Acc_Exp/eval_phase/test_stream_stream/Exp006": 0.3333333333333333,
            "Loss_Exp/eval_phase/test_stream_stream/Exp006": 1.6272618198394775,
            "CPUUsage_Exp/eval_phase/test_stream_stream/Exp006": 92.73972602834772,
            "Time_Exp/eval_phase/test_stream_stream/Exp006": 0.21932489999744575,
            "MaxRAMUsage_Experience/eval_phase/test_stream_stream/Exp006": 0,
            "Top1_Acc_Exp/eval_phase/test_stream_stream/Exp007": 0.5357142857142857,
            "Loss_Exp/eval_phase/test_stream_stream/Exp007": 0.724761962890625,
            "CPUUsage_Exp/eval_phase/test_stream_stream/Exp007": 133.0,
            "Time_Exp/eval_phase/test_stream_stream/Exp007": 0.04510689999733586,
            "MaxRAMUsage_Experience/eval_phase/test_stream_stream/Exp007": 0,
            "Top1_Acc_Exp/eval_phase/test_stream_stream/Exp008": 0.3125,
            "Loss_Exp/eval_phase/test_stream_stream/Exp008": 1.6064402103424071,
            "CPUUsage_Exp/eval_phase/test_stream_stream/Exp008": 71.68807339444923,
            "Time_Exp/eval_phase/test_stream_stream/Exp008": 0.10971420000714716,
            "MaxRAMUsage_Experience/eval_phase/test_stream_stream/Exp008": 0,
            "Top1_Acc_Exp/eval_phase/test_stream_stream/Exp009": 0.8043478260869565,
            "Loss_Exp/eval_phase/test_stream_stream/Exp009": 0.4874165848545406,
            "CPUUsage_Exp/eval_phase/test_stream_stream/Exp009": 80.13269230610095,
            "Time_Exp/eval_phase/test_stream_stream/Exp009": 0.14271840000583325,
            "MaxRAMUsage_Experience/eval_phase/test_stream_stream/Exp009": 0,
            "Top1_Acc_Stream/eval_phase/test_stream_stream": 0.4238505747126437,
            "Loss_Stream/eval_phase/test_stream_stream": 1.195666206037176,
            "StreamForgetting/eval_phase/test_stream_stream": 0.0
        }
    ],
    "EWC": [
        {
            "Top1_Acc_Epoch/train_phase/train_stream_stream": 0.95,
            "Loss_Epoch/train_phase/train_stream_stream": 0.16677244007587433,
            "Time_Epoch/train_phase/train_stream_stream": 0.6053123999881791,
            "Top1_Acc_Exp/eval_phase/test_stream_stream/Exp000": 0.3028571428571429,
            "Loss_Exp/eval_phase/test_stream_stream/Exp000": 1.2593742493220739,
            "CPUUsage_Exp/eval_phase/test_stream_stream/Exp000": 98.38845750268747,
            "Time_Exp/eval_phase/test_stream_stream/Exp000": 0.9632486999907997,
            "MaxRAMUsage_Experience/eval_phase/test_stream_stream/Exp000": 0,
            "Top1_Acc_Exp/eval_phase/test_stream_stream/Exp001": 0.3333333333333333,
            "Loss_Exp/eval_phase/test_stream_stream/Exp001": 1.4998105764389038,
            "CPUUsage_Exp/eval_phase/test_stream_stream/Exp001": 126.0,
            "Time_Exp/eval_phase/test_stream_stream/Exp001": 0.06057019998843316,
            "MaxRAMUsage_Experience/eval_phase/test_stream_stream/Exp001": 1201.80859375,
            "Top1_Acc_Exp/eval_phase/test_stream_stream/Exp002": 0.5,
            "Loss_Exp/eval_phase/test_stream_stream/Exp002": 1.8451907634735107,
            "CPUUsage_Exp/eval_phase/test_stream_stream/Exp002": 99.99040000251262,
            "Time_Exp/eval_phase/test_stream_stream/Exp002": 0.13392349999048747,
            "MaxRAMUsage_Experience/eval_phase/test_stream_stream/Exp002": 0,
            "Top1_Acc_Exp/eval_phase/test_stream_stream/Exp003": 0.2,
            "Loss_Exp/eval_phase/test_stream_stream/Exp003": 1.749959111213684,
            "CPUUsage_Exp/eval_phase/test_stream_stream/Exp003": 116.4,
            "Time_Exp/eval_phase/test_stream_stream/Exp003": 0.10029939998639748,
            "MaxRAMUsage_Experience/eval_phase/test_stream_stream/Exp003": 0,
            "Top1_Acc_Exp/eval_phase/test_stream_stream/Exp004": 0.5,
            "Loss_Exp/eval_phase/test_stream_stream/Exp004": 0.8046653866767883,
            "CPUUsage_Exp/eval_phase/test_stream_stream/Exp004": 67.2,
            "Time_Exp/eval_phase/test_stream_stream/Exp004": 0.08939429999736603,
            "MaxRAMUsage_Experience/eval_phase/test_stream_stream/Exp004": 0,
            "Top1_Acc_Exp/eval_phase/test_stream_stream/Exp005": 0.5,
            "Loss_Exp/eval_phase/test_stream_stream/Exp005": 0.6925620436668396,
            "CPUUsage_Exp/eval_phase/test_stream_stream/Exp005": 99.7,
            "Time_Exp/eval_phase/test_stream_stream/Exp005": 0.08359680000285152,
            "MaxRAMUsage_Experience/eval_phase/test_stream_stream/Exp005": 0,
            "Top1_Acc_Exp/eval_phase/test_stream_stream/Exp006": 0.3333333333333333,
            "Loss_Exp/eval_phase/test_stream_stream/Exp006": 1.2526057974497478,
            "CPUUsage_Exp/eval_phase/test_stream_stream/Exp006": 94.6828282828941,
            "Time_Exp/eval_phase/test_stream_stream/Exp006": 0.300516899995273,
            "MaxRAMUsage_Experience/eval_phase/test_stream_stream/Exp006": 0,
            "Top1_Acc_Exp/eval_phase/test_stream_stream/Exp007": 0.4642857142857143,
            "Loss_Exp/eval_phase/test_stream_stream/Exp007": 0.8093674778938293,
            "CPUUsage_Exp/eval_phase/test_stream_stream/Exp007": 100.8,
            "Time_Exp/eval_phase/test_stream_stream/Exp007": 0.05819340000743978,
            "MaxRAMUsage_Experience/eval_phase/test_stream_stream/Exp007": 0,
            "Top1_Acc_Exp/eval_phase/test_stream_stream/Exp008": 0.4,
            "Loss_Exp/eval_phase/test_stream_stream/Exp008": 1.4198702335357667,
            "CPUUsage_Exp/eval_phase/test_stream_stream/Exp008": 89.48898678431657,
            "Time_Exp/eval_phase/test_stream_stream/Exp008": 0.4451890999916941,
            "MaxRAMUsage_Experience/eval_phase/test_stream_stream/Exp008": 1201.8125,
            "Top1_Acc_Exp/eval_phase/test_stream_stream/Exp009": 0.8188405797101449,
            "Loss_Exp/eval_phase/test_stream_stream/Exp009": 0.4806437483732251,
            "CPUUsage_Exp/eval_phase/test_stream_stream/Exp009": 96.49097387221089,
            "Time_Exp/eval_phase/test_stream_stream/Exp009": 0.40885209999396466,
            "MaxRAMUsage_Experience/eval_phase/test_stream_stream/Exp009": 0,
            "Top1_Acc_Stream/eval_phase/test_stream_stream": 0.4482758620689655,
            "Loss_Stream/eval_phase/test_stream_stream": 1.1344974421221634,
            "StreamForgetting/eval_phase/test_stream_stream": 0.0
        }
    ],
    "Replay": [
        {
            "Top1_Acc_Epoch/train_phase/train_stream_stream": 0.5769230769230769,
            "Loss_Epoch/train_phase/train_stream_stream": 0.32234451174736023,
            "Time_Epoch/train_phase/train_stream_stream": 0.23182559999986552,
            "Top1_Acc_Exp/eval_phase/test_stream_stream/Exp000": 0.3028571428571429,
            "Loss_Exp/eval_phase/test_stream_stream/Exp000": 1.1125230169296265,
            "CPUUsage_Exp/eval_phase/test_stream_stream/Exp000": 91.37602339415488,
            "Time_Exp/eval_phase/test_stream_stream/Exp000": 0.16839449999679346,
            "MaxRAMUsage_Experience/eval_phase/test_stream_stream/Exp000": 0,
            "Top1_Acc_Exp/eval_phase/test_stream_stream/Exp001": 0.3333333333333333,
            "Loss_Exp/eval_phase/test_stream_stream/Exp001": 1.1602489948272705,
            "CPUUsage_Exp/eval_phase/test_stream_stream/Exp001": 97.7,
            "Time_Exp/eval_phase/test_stream_stream/Exp001": 0.018077400003676303,
            "MaxRAMUsage_Experience/eval_phase/test_stream_stream/Exp001": 0,
            "Top1_Acc_Exp/eval_phase/test_stream_stream/Exp002": 0.55,
            "Loss_Exp/eval_phase/test_stream_stream/Exp002": 0.9068342447280884,
            "CPUUsage_Exp/eval_phase/test_stream_stream/Exp002": 99.7446808506554,
            "Time_Exp/eval_phase/test_stream_stream/Exp002": 0.04238499999337364,
            "MaxRAMUsage_Experience/eval_phase/test_stream_stream/Exp002": 0,
            "Top1_Acc_Exp/eval_phase/test_stream_stream/Exp003": 0.1,
            "Loss_Exp/eval_phase/test_stream_stream/Exp003": 1.6150254011154175,
            "CPUUsage_Exp/eval_phase/test_stream_stream/Exp003": 195.3,
            "Time_Exp/eval_phase/test_stream_stream/Exp003": 0.02751469999202527,
            "MaxRAMUsage_Experience/eval_phase/test_stream_stream/Exp003": 0,
            "Top1_Acc_Exp/eval_phase/test_stream_stream/Exp004": 0.5,
            "Loss_Exp/eval_phase/test_stream_stream/Exp004": 0.7924787998199463,
            "CPUUsage_Exp/eval_phase/test_stream_stream/Exp004": 97.7,
            "Time_Exp/eval_phase/test_stream_stream/Exp004": 0.026011199995991774,
            "MaxRAMUsage_Experience/eval_phase/test_stream_stream/Exp004": 0,
            "Top1_Acc_Exp/eval_phase/test_stream_stream/Exp005": 0.5,
            "Loss_Exp/eval_phase/test_stream_stream/Exp005": 0.6998251676559448,
            "CPUUsage_Exp/eval_phase/test_stream_stream/Exp005": 50.4,
            "Time_Exp/eval_phase/test_stream_stream/Exp005": 0.02757910000218544,
            "MaxRAMUsage_Experience/eval_phase/test_stream_stream/Exp005": 0,
            "Top1_Acc_Exp/eval_phase/test_stream_stream/Exp006": 0.3333333333333333,
            "Loss_Exp/eval_phase/test_stream_stream/Exp006": 1.3939414151509604,
            "CPUUsage_Exp/eval_phase/test_stream_stream/Exp006": 100.01759999974165,
            "Time_Exp/eval_phase/test_stream_stream/Exp006": 0.12472730000445154,
            "MaxRAMUsage_Experience/eval_phase/test_stream_stream/Exp006": 0,
            "Top1_Acc_Exp/eval_phase/test_stream_stream/Exp007": 0.4642857142857143,
            "Loss_Exp/eval_phase/test_stream_stream/Exp007": 0.7040114402770996,
            "CPUUsage_Exp/eval_phase/test_stream_stream/Exp007": 151.2,
            "Time_Exp/eval_phase/test_stream_stream/Exp007": 0.026061099997605197,
            "MaxRAMUsage_Experience/eval_phase/test_stream_stream/Exp007": 0,
            "Top1_Acc_Exp/eval_phase/test_stream_stream/Exp008": 0.125,
            "Loss_Exp/eval_phase/test_stream_stream/Exp008": 2.033733606338501,
            "CPUUsage_Exp/eval_phase/test_stream_stream/Exp008": 100.18205128183506,
            "Time_Exp/eval_phase/test_stream_stream/Exp008": 0.07257019999087788,
            "MaxRAMUsage_Experience/eval_phase/test_stream_stream/Exp008": 0,
            "Top1_Acc_Exp/eval_phase/test_stream_stream/Exp009": 0.4782608695652174,
            "Loss_Exp/eval_phase/test_stream_stream/Exp009": 2.059757108003765,
            "CPUUsage_Exp/eval_phase/test_stream_stream/Exp009": 99.41272727222048,
            "Time_Exp/eval_phase/test_stream_stream/Exp009": 0.11914410001190845,
            "MaxRAMUsage_Experience/eval_phase/test_stream_stream/Exp009": 0,
            "Top1_Acc_Stream/eval_phase/test_stream_stream": 0.34770114942528735,
            "Loss_Stream/eval_phase/test_stream_stream": 1.4402502529729886,
            "StreamForgetting/eval_phase/test_stream_stream": 0.0
        }
    ]
}